P_variation_%,Q_variation_%,P_load_pu,Q_load_pu,V1_pu,V2_pu,V3_pu,V4_pu,V5_pu,V6_pu,V7_pu,V8_pu,V9_pu
-10.0,-10.0,0.0,0.0,1.04,1.0250000000000001,1.025,1.0257884099373211,0.9956308922495553,1.0126543462410733,1.0257693965911665,1.0158826062268091,1.032352962848402
-10.0,0.0,0.0,0.0,1.04,1.0250000000000001,1.025,1.0257884099373211,0.9956308922495553,1.0126543462410733,1.0257693965911665,1.0158826062268091,1.032352962848402
-10.0,10.0,0.0,0.0,1.04,1.0250000000000001,1.025,1.0257884099373211,0.9956308922495553,1.0126543462410733,1.0257693965911665,1.0158826062268091,1.032352962848402
0.0,-10.0,0.0,0.0,1.04,1.0250000000000001,1.025,1.0257884099373211,0.9956308922495553,1.0126543462410733,1.0257693965911665,1.0158826062268091,1.032352962848402
0.0,0.0,0.0,0.0,1.04,1.0250000000000001,1.025,1.0257884099373211,0.9956308922495553,1.0126543462410733,1.0257693965911665,1.0158826062268091,1.032352962848402
0.0,10.0,0.0,0.0,1.04,1.0250000000000001,1.025,1.0257884099373211,0.9956308922495553,1.0126543462410733,1.0257693965911665,1.0158826062268091,1.032352962848402
10.0,-10.0,0.0,0.0,1.04,1.0250000000000001,1.025,1.0257884099373211,0.9956308922495553,1.0126543462410733,1.0257693965911665,1.0158826062268091,1.032352962848402
10.0,0.0,0.0,0.0,1.04,1.0250000000000001,1.025,1.0257884099373211,0.9956308922495553,1.0126543462410733,1.0257693965911665,1.0158826062268091,1.032352962848402
10.0,10.0,0.0,0.0,1.04,1.0250000000000001,1.025,1.0257884099373211,0.9956308922495553,1.0126543462410733,1.0257693965911665,1.0158826062268091,1.032352962848402
