Bus,Load4_Variance,Load4_StdDev,Load5_Variance,Load5_StdDev,Load6_Variance,Load6_StdDev,Load7_Variance,Load7_StdDev,Load8_Variance,Load8_StdDev,Load9_Variance,Load9_StdDev
1,0.0,0.0,0.0,0.0,0.0,0.0,0.0,0.0,0.0,0.0,0.0,0.0
2,0.0,0.0,2.1912802922805882e-32,1.4802973661668753e-16,8.217301096052207e-32,2.8665835232995054e-16,0.0,0.0,9.3129412421925e-32,3.051711199014825e-16,0.0,0.0
3,4.930380657631324e-32,2.220446049250313e-16,9.860761315262648e-32,3.1401849173675503e-16,7.121660949911912e-32,2.668644028324481e-16,4.930380657631324e-32,2.220446049250313e-16,2.1912802922805882e-32,1.4802973661668753e-16,4.930380657631324e-32,2.220446049250313e-16
4,0.0,0.0,2.0269065225301437e-06,0.0014236946732112696,6.522576493453692e-07,0.0008076246958491111,0.0,0.0,4.0116313213757324e-07,0.0006333744012332463,0.0,0.0
5,0.0,0.0,1.5579368464948448e-05,0.003947070871538595,4.2035810682640944e-07,0.0006483502963880015,0.0,0.0,9.547571878605893e-07,0.0009771167728887828,0.0,0.0
6,0.0,0.0,1.2354446935062573e-06,0.0011115055976045542,6.428703244566218e-06,0.0025354887585170276,0.0,0.0,5.868806993960885e-07,0.0007660813921484378,0.0,0.0
7,0.0,0.0,9.51391580670494e-07,0.0009753930390721957,6.923184168930971e-08,0.00026311944376900334,0.0,0.0,7.940884214850325e-07,0.0008911163905377527,0.0,0.0
8,4.930380657631324e-32,2.220446049250313e-16,5.884837445683079e-07,0.0007671269416259007,1.6379142296850055e-07,0.0004047115305603493,4.930380657631324e-32,2.220446049250313e-16,4.6158193168417645e-06,0.0021484457909944493,4.930380657631324e-32,2.220446049250313e-16
9,0.0,0.0,1.8725025311118817e-07,0.00043272422293094264,3.247216564515782e-07,0.0005698435368165354,0.0,0.0,5.10427750766313e-07,0.0007144422655234732,0.0,0.0
